project_id,start_date,end_date,planned_budget,actual_budget,team_size,priority,risk_level,manager_experience_years,complexity,success,roi
1,2024-03-09,2024-07-19,440202.47,459940.31,28,Medium,High,4,Medium,1,-0.045
2,2025-03-08,2026-01-02,302840.01,269071.46,11,Medium,Low,5,High,1,0.112
3,2025-03-08,2025-07-22,157368.59,154113.06,17,Medium,Low,14,Low,1,0.021
4,2025-01-15,2025-04-26,355930.15,373219.65,12,High,Medium,3,Medium,0,-0.049
5,2024-12-06,2025-07-12,382958.94,525661.17,26,High,Low,3,Medium,0,-0.373
6,2024-01-01,2024-02-20,157206.27,197134.13,28,Low,Medium,1,Medium,1,-0.254
7,2024-09-28,2025-02-07,219978.0,256508.38,27,Medium,Medium,7,Low,1,-0.166
8,2025-02-13,2025-07-14,290447.36,370030.52,12,Medium,High,11,Medium,1,-0.274
9,2024-05-30,2025-01-29,273452.54,329640.67,10,High,Medium,10,High,1,-0.205
10,2023-12-11,2024-12-05,225328.14,259665.34,26,Low,Medium,14,Low,1,-0.152
11,2023-05-03,2023-08-28,183935.83,147197.98,18,Medium,Low,1,High,1,0.2
12,2024-11-29,2025-04-07,94993.2,126134.96,19,Medium,Low,2,Low,1,-0.328
13,2024-01-21,2024-07-20,74068.38,74682.98,28,Low,Low,13,Low,1,-0.008
14,2024-04-15,2024-09-22,481343.67,634270.44,29,High,Low,4,Low,1,-0.318
15,2025-02-18,2025-08-16,431214.41,576551.81,7,Medium,Medium,13,Low,1,-0.337
16,2024-07-03,2025-06-06,209707.34,202575.64,6,Medium,Medium,4,High,0,0.034
17,2023-06-09,2024-03-22,480560.4,619895.63,20,High,Medium,5,Low,1,-0.29
18,2023-02-06,2023-12-26,354546.46,364403.74,26,Low,High,11,Medium,0,-0.028
19,2024-12-12,2025-07-21,267134.43,274879.6,21,Medium,High,2,Low,0,-0.029
20,2024-05-28,2025-03-30,271861.55,313047.11,6,Medium,High,4,Medium,1,-0.151
21,2024-01-23,2024-07-31,87477.99,101202.8,30,High,Medium,1,Medium,1,-0.157
22,2024-03-06,2025-02-12,91266.87,101097.25,9,High,Medium,2,Low,0,-0.108
23,2025-07-06,2025-08-26,321098.42,267520.7,12,Medium,Low,1,Low,1,0.167
24,2025-07-11,2026-04-19,299166.37,321816.46,27,Medium,Low,10,High,0,-0.076
25,2024-08-08,2025-04-30,145727.55,226707.73,20,High,Low,10,Low,0,-0.556
26,2024-11-30,2025-02-16,475787.54,258447.39,21,Medium,High,13,Medium,0,0.457
27,2024-10-17,2025-01-13,401583.22,511596.18,6,Medium,High,4,Low,0,-0.274
28,2024-09-22,2025-04-09,101059.07,132531.39,12,High,Low,4,Medium,0,-0.311
29,2024-12-25,2025-07-30,468918.1,388419.14,3,Medium,Low,7,Low,1,0.172
30,2023-06-15,2024-04-10,488411.69,491396.97,25,High,High,10,Medium,0,-0.006
31,2023-11-18,2024-06-24,498169.06,448280.7,20,Low,Low,11,Low,0,0.1
32,2023-05-14,2023-12-04,75142.02,110518.36,7,Medium,Low,11,High,1,-0.471
33,2023-06-15,2023-09-03,381666.0,504030.05,17,High,High,9,Low,0,-0.321
34,2025-06-01,2025-08-24,295662.1,393314.87,19,Medium,Low,9,Medium,0,-0.33
35,2024-05-07,2025-02-04,367624.17,413257.15,5,Medium,Low,5,Medium,0,-0.124
36,2024-10-01,2025-09-15,485893.37,661990.07,14,Medium,Medium,10,Low,0,-0.362
37,2022-12-13,2023-05-22,359613.5,394982.46,4,Medium,High,1,Medium,0,-0.098
38,2022-12-22,2023-11-23,426633.74,585269.62,3,Medium,Medium,1,Low,1,-0.372
39,2024-05-15,2024-10-26,440090.92,471012.02,25,High,Low,6,High,1,-0.07
40,2023-09-12,2023-11-01,427316.34,411997.74,23,High,Low,2,High,1,0.036
41,2023-01-20,2024-01-13,241741.16,353471.53,19,High,Low,8,High,1,-0.462
42,2022-12-18,2023-07-02,150159.39,164549.2,24,Medium,Medium,13,Low,1,-0.096
43,2025-01-21,2025-11-20,228493.22,210268.61,18,Low,Medium,9,Medium,0,0.08
44,2023-12-13,2024-04-09,451353.61,414375.66,7,Medium,Low,13,Medium,0,0.082
45,2024-10-08,2025-09-18,115972.17,106541.81,17,High,High,4,High,0,0.081
46,2024-07-02,2024-08-14,280996.78,356553.57,5,Medium,Low,5,Medium,0,-0.269
47,2023-09-12,2024-06-09,154952.63,167384.08,30,Low,Low,11,High,0,-0.08
48,2023-05-17,2024-03-06,311587.44,485949.21,9,Medium,Low,8,Medium,1,-0.56
49,2024-01-10,2024-04-01,438412.33,586260.6,13,Low,Low,3,Medium,1,-0.337
50,2024-09-07,2025-01-06,446161.99,513723.24,12,High,Medium,5,Low,1,-0.151
51,2024-07-21,2025-05-10,156508.34,216103.5,11,High,Medium,3,Medium,1,-0.381
52,2023-06-19,2023-08-22,458462.17,458874.11,16,Low,Low,12,Medium,1,-0.001
53,2023-04-10,2023-12-01,316349.93,230632.65,15,Medium,Medium,10,Medium,0,0.271
54,2024-01-21,2024-05-10,207598.21,187270.9,27,Medium,Low,3,Medium,1,0.098
55,2024-08-26,2024-11-13,368681.54,416404.25,27,Medium,Medium,3,Medium,0,-0.129
56,2024-04-27,2024-05-28,266750.14,281552.57,4,Low,High,13,Low,0,-0.055
57,2022-12-16,2023-03-09,220094.42,278393.7,5,Medium,Low,12,Medium,0,-0.265
58,2025-06-28,2025-11-10,367287.96,394862.93,9,Medium,Medium,7,Medium,1,-0.075
59,2025-05-24,2026-03-09,161925.87,202343.69,23,Medium,Low,15,Medium,0,-0.25
60,2024-12-18,2025-11-22,198613.64,278097.69,20,Medium,Low,7,Low,1,-0.4
61,2024-01-11,2024-08-18,245503.33,263783.71,5,Medium,Low,7,Low,0,-0.074
62,2025-03-03,2025-11-05,164156.98,198798.87,12,Low,Medium,10,Low,0,-0.211
63,2022-12-29,2023-03-12,232340.94,174033.27,24,Low,Medium,8,Medium,0,0.251
64,2023-01-03,2023-07-13,307162.86,330268.02,9,Low,Low,5,Low,1,-0.075
65,2023-06-13,2024-01-30,383438.24,327306.09,11,High,High,5,Medium,0,0.146
66,2023-11-18,2024-09-12,395237.68,446241.27,19,Medium,Medium,14,High,0,-0.129
67,2023-03-05,2024-02-01,420255.66,482117.27,13,Medium,High,4,Low,1,-0.147
68,2024-01-30,2024-11-25,384895.25,441295.97,9,Medium,Medium,7,Medium,0,-0.147
69,2023-11-20,2024-07-21,356467.74,357884.87,26,Medium,Medium,10,Medium,1,-0.004
70,2023-04-23,2024-01-29,156877.91,244681.5,30,Low,Low,4,High,1,-0.56
71,2024-05-26,2024-12-31,230100.3,194755.91,16,Medium,Low,15,Medium,0,0.154
72,2023-08-02,2024-06-22,264971.7,221031.66,21,Medium,High,2,Medium,0,0.166
73,2025-05-31,2026-01-28,87301.09,124927.49,6,High,Low,4,High,0,-0.431
74,2022-12-09,2023-08-03,287766.55,276009.61,28,Medium,High,13,Medium,0,0.041
75,2025-05-24,2026-02-14,246351.12,224441.11,8,Medium,Medium,13,High,0,0.089
76,2022-12-27,2023-03-19,410949.16,641320.02,12,Medium,Low,8,Low,1,-0.561
77,2024-07-15,2025-05-20,490055.3,635672.56,9,High,Low,9,High,0,-0.297
78,2023-09-04,2024-05-07,300202.27,294530.57,15,High,Low,3,Medium,0,0.019
79,2024-06-05,2025-03-13,195208.87,223221.66,16,Medium,High,7,Medium,1,-0.144
80,2024-01-05,2024-08-09,69530.35,103542.81,6,High,Low,14,Low,0,-0.489
81,2025-03-09,2025-05-18,466089.5,577169.88,10,High,Low,12,Medium,0,-0.238
82,2024-09-02,2025-03-07,463602.07,629214.5,7,High,Low,14,Low,1,-0.357
83,2023-07-11,2023-08-24,163845.58,206602.82,3,High,Low,9,High,0,-0.261
84,2023-03-22,2024-02-15,362935.01,466752.81,6,High,Low,11,High,1,-0.286
85,2024-09-08,2024-12-11,83945.55,93007.33,5,Medium,Low,4,Low,1,-0.108
86,2022-12-21,2023-12-12,124796.94,137559.89,11,Medium,High,10,High,0,-0.102
87,2023-11-03,2023-12-11,147564.1,170201.92,10,Low,Low,15,Medium,1,-0.153
88,2024-02-19,2024-07-26,182522.28,227585.3,3,Medium,Low,3,Medium,0,-0.247
89,2022-12-10,2023-05-24,498124.12,519711.29,29,Medium,Low,5,Low,1,-0.043
90,2023-01-02,2023-04-04,363616.28,408854.06,8,High,Low,1,Low,0,-0.124
91,2024-12-04,2025-05-21,222890.82,231345.27,11,High,High,3,Low,0,-0.038
92,2024-06-16,2024-10-04,381695.32,428696.12,9,Medium,Medium,15,Low,1,-0.123
93,2025-01-04,2025-07-15,461864.45,392492.75,6,High,Low,8,High,1,0.15
94,2024-01-22,2024-12-05,481416.08,780469.58,15,Medium,Medium,11,Low,1,-0.621
95,2024-10-07,2025-07-24,76038.75,72496.26,19,Medium,Low,8,High,1,0.047
96,2024-01-13,2024-09-29,227534.81,233839.31,30,Medium,Low,15,Low,1,-0.028
97,2025-06-05,2025-08-14,98040.23,91780.08,4,High,High,13,Medium,0,0.064
98,2023-04-16,2023-06-12,201047.03,245909.02,30,Medium,Medium,4,Medium,1,-0.223
99,2024-04-01,2024-09-12,126355.96,134038.33,7,Medium,High,2,High,0,-0.061
100,2023-11-10,2024-06-27,341081.76,309442.51,14,High,Low,13,Low,1,0.093
101,2024-12-25,2025-12-17,224720.77,276715.92,29,Medium,Medium,8,Medium,1,-0.231
102,2023-03-17,2024-01-08,153227.64,192810.9,23,Medium,Low,8,Medium,0,-0.258
103,2024-02-24,2024-04-26,169672.07,184369.86,10,Low,Low,10,Low,1,-0.087
104,2025-03-21,2025-06-06,212155.29,205212.47,8,High,High,4,Low,0,0.033
105,2024-09-18,2024-12-18,166977.44,256846.9,10,Low,Low,3,Medium,1,-0.538
106,2024-11-29,2025-08-01,253958.38,296626.82,20,Medium,High,2,Medium,0,-0.168
107,2025-04-29,2026-03-17,64542.18,54550.16,5,Medium,Medium,9,Medium,1,0.155
108,2025-04-24,2025-08-30,175893.58,243227.06,24,High,Low,1,Low,0,-0.383
109,2023-04-30,2023-11-17,235043.02,218318.55,14,Medium,Medium,7,Medium,0,0.071
110,2024-01-22,2024-09-21,321251.85,529543.73,28,High,Medium,5,Medium,0,-0.648
111,2024-06-20,2024-08-23,171930.94,191863.16,5,Medium,Low,8,Medium,1,-0.116
112,2023-11-04,2024-07-17,109933.31,143206.07,24,High,High,4,High,0,-0.303
113,2025-02-13,2025-06-23,84290.17,57654.18,8,Low,Medium,7,Medium,0,0.316
114,2023-10-07,2024-03-15,473239.32,399022.06,4,Medium,Low,13,Medium,1,0.157
115,2023-08-14,2024-05-26,237487.58,324591.35,25,Medium,Medium,5,Low,1,-0.367
116,2023-09-03,2023-10-07,311523.18,362476.85,14,High,High,15,Medium,0,-0.164
117,2025-03-06,2025-11-08,463629.45,699375.42,4,High,Low,14,Low,0,-0.508
118,2023-03-30,2024-01-08,87236.79,104425.49,8,Medium,High,5,Medium,1,-0.197
119,2025-03-10,2026-01-16,444497.67,501864.2,19,Medium,Low,14,Medium,1,-0.129
120,2024-06-04,2025-01-26,298214.54,430238.53,5,High,Medium,9,High,0,-0.443
121,2023-02-12,2023-03-28,124175.42,161679.8,4,Medium,Medium,9,Low,1,-0.302
122,2024-01-11,2024-03-22,235064.8,249344.46,25,Low,Low,13,Medium,1,-0.061
123,2023-09-18,2024-04-13,399921.03,352402.08,22,Medium,Low,9,Medium,0,0.119
124,2023-11-09,2024-02-09,266166.54,166534.24,10,Medium,Medium,12,Low,1,0.374
125,2023-07-17,2024-04-02,493378.72,499529.61,24,Low,Low,6,Low,1,-0.012
126,2025-02-27,2025-11-24,219532.54,189397.96,14,High,Medium,6,Low,1,0.137
127,2023-09-08,2023-11-28,387310.23,627264.78,28,Medium,Low,5,Low,1,-0.62
128,2023-10-31,2024-03-04,226845.25,220023.07,6,Low,High,9,Low,0,0.03
129,2025-04-01,2025-12-08,423123.9,408085.31,7,High,Medium,10,Low,1,0.036
130,2023-03-18,2023-12-03,306086.66,243568.77,15,Medium,High,8,Low,0,0.204
131,2025-07-06,2026-03-29,78580.32,82252.9,17,Medium,Low,7,Medium,0,-0.047
132,2023-07-19,2024-01-07,66569.84,64379.23,27,Medium,Medium,7,Medium,0,0.033
133,2024-02-05,2024-08-23,110233.45,159567.98,25,Medium,Medium,6,High,0,-0.448
134,2025-02-13,2025-04-12,56152.38,63659.69,18,Low,Low,5,Medium,1,-0.134
135,2024-01-05,2024-03-10,83911.58,92153.98,12,Medium,Low,13,Medium,1,-0.098
136,2024-03-08,2024-04-19,361271.48,387667.94,27,High,Low,4,High,0,-0.073
137,2023-11-15,2024-05-22,290455.82,365171.22,25,Low,Medium,3,Medium,1,-0.257
138,2024-09-05,2025-08-27,387459.84,391154.02,18,High,Medium,3,Medium,0,-0.01
139,2023-06-12,2024-01-14,460924.59,568523.39,14,Medium,Low,6,Medium,1,-0.233
140,2024-02-09,2024-11-07,313317.29,445785.95,19,Medium,Medium,15,Low,0,-0.423
141,2023-06-26,2023-10-19,376754.38,449096.87,18,Medium,Low,4,Low,1,-0.192
142,2023-09-16,2024-07-25,390686.54,410241.86,14,Medium,Low,12,Medium,0,-0.05
143,2025-06-18,2025-09-21,220032.75,200077.57,10,Low,High,12,Medium,1,0.091
144,2023-02-07,2023-08-25,158488.17,165616.21,22,Medium,High,6,Low,0,-0.045
145,2023-05-02,2023-07-15,142270.4,172519.33,5,Medium,Medium,3,High,1,-0.213
146,2023-05-07,2023-08-06,163149.1,129457.92,18,High,Low,15,Medium,1,0.207
147,2025-07-04,2025-12-14,173629.31,219868.28,15,Low,Medium,4,Medium,0,-0.266
148,2023-07-13,2024-05-21,143252.44,163525.89,25,Low,Low,15,High,1,-0.142
149,2025-06-24,2025-08-20,445199.3,476435.45,30,Medium,Low,9,Medium,1,-0.07
150,2023-06-01,2023-10-16,390649.61,378194.65,21,High,Low,5,High,1,0.032
151,2025-01-08,2025-03-22,71103.41,71439.34,10,High,Medium,13,Medium,0,-0.005
152,2024-11-02,2025-09-13,170902.62,208409.11,24,High,Medium,7,Low,0,-0.219
153,2023-10-09,2024-10-03,59983.13,64443.34,7,High,Low,10,Medium,0,-0.074
154,2023-03-29,2023-09-02,274174.33,274111.82,22,Medium,Medium,2,Medium,0,0.0
155,2024-02-01,2024-10-18,264294.81,315492.08,10,Low,High,14,Medium,0,-0.194
156,2024-10-18,2025-05-25,424117.17,509635.29,26,Medium,Low,14,High,0,-0.202
157,2024-04-20,2024-12-30,188499.76,160255.89,14,High,Medium,5,Medium,1,0.15
158,2024-08-16,2025-06-24,417373.58,506815.13,3,High,High,9,Medium,1,-0.214
159,2024-03-17,2024-08-14,485588.19,777106.04,27,High,Low,11,High,1,-0.6
160,2023-08-23,2024-01-15,89783.7,107194.93,23,High,Low,3,Medium,0,-0.194
161,2024-12-06,2025-08-25,406318.03,308882.38,22,High,Medium,14,Medium,0,0.24
162,2023-08-04,2024-05-18,315480.15,358219.85,8,High,Medium,9,High,1,-0.135
163,2025-04-28,2025-12-11,266020.69,195215.8,24,Medium,High,14,Low,1,0.266
164,2023-05-22,2023-11-04,239241.1,414718.31,20,Low,Low,11,Medium,0,-0.733
165,2024-01-24,2025-01-05,403100.72,623651.21,10,Medium,High,15,High,0,-0.547
166,2023-08-29,2024-03-10,337712.61,326504.71,9,Medium,Low,6,Medium,1,0.033
167,2022-12-19,2023-08-30,412270.1,268332.82,3,Low,Low,4,Medium,1,0.349
168,2024-02-03,2025-01-04,456417.98,421878.89,23,High,Medium,7,Medium,1,0.076
169,2023-04-29,2024-01-17,327768.67,348680.92,18,High,Low,8,Medium,0,-0.064
170,2024-08-03,2025-02-20,491208.23,367240.66,14,Low,Low,6,High,0,0.252
171,2024-06-26,2024-12-24,323639.53,351535.8,8,High,Low,5,Low,0,-0.086
172,2024-03-09,2025-02-16,336489.94,357515.27,22,Medium,Low,6,Low,1,-0.062
173,2023-03-27,2023-10-02,299667.02,337134.67,4,Medium,Low,5,Low,0,-0.125
174,2025-03-18,2025-07-21,90950.94,104223.32,16,Medium,High,8,Medium,0,-0.146
175,2024-10-16,2025-07-05,376878.66,341782.4,6,Medium,Low,1,Medium,0,0.093
176,2025-03-18,2025-10-13,296350.84,275403.93,3,Medium,Medium,11,High,0,0.071
177,2025-03-11,2025-07-31,252909.7,280506.81,25,High,Medium,7,Medium,1,-0.109
178,2023-07-05,2024-06-16,459712.08,447668.34,20,High,High,15,Medium,0,0.026
179,2025-04-01,2025-06-21,184081.75,235900.57,15,Medium,Low,10,Low,0,-0.281
180,2023-03-22,2024-01-13,285621.02,316233.57,4,Medium,High,10,Medium,0,-0.107
181,2024-11-11,2025-10-01,363938.84,536082.15,11,High,Medium,11,Medium,1,-0.473
182,2024-05-14,2024-10-03,408412.3,516272.55,23,Low,Medium,2,Low,0,-0.264
183,2025-03-03,2025-07-11,256706.06,339042.68,4,Medium,Medium,15,Low,1,-0.321
184,2023-07-28,2023-12-17,428941.14,483207.86,29,Low,High,14,Low,0,-0.127
185,2024-07-21,2024-11-08,396012.98,448077.72,27,Medium,Low,9,Low,1,-0.131
186,2024-03-05,2024-10-07,79806.19,115420.83,11,Medium,Medium,1,Medium,1,-0.446
187,2024-09-15,2025-02-04,70637.57,72356.99,3,Medium,Medium,11,Low,0,-0.024
188,2024-09-12,2024-10-13,329362.56,398316.54,13,Low,Medium,10,Medium,0,-0.209
189,2025-01-25,2025-07-03,206336.03,215982.76,5,High,High,6,High,0,-0.047
190,2024-03-30,2024-12-04,144108.86,150777.17,22,Medium,Low,9,Medium,0,-0.046
191,2024-04-11,2024-07-03,310842.47,269258.2,25,High,High,1,High,0,0.134
192,2023-03-25,2023-12-03,203703.44,193823.24,28,Medium,Low,4,Medium,0,0.049
193,2023-07-26,2024-04-05,291768.54,266777.43,6,Medium,Low,4,Medium,0,0.086
194,2023-07-27,2023-12-29,257053.62,313315.91,20,Low,Low,15,High,1,-0.219
195,2023-06-06,2023-11-12,313144.75,409606.23,25,Low,Low,9,Low,0,-0.308
196,2023-10-25,2024-01-15,230135.22,248787.52,8,High,Medium,11,High,0,-0.081
197,2024-04-12,2024-10-30,363950.41,417060.08,5,High,Low,5,Low,1,-0.146
198,2024-12-31,2025-09-04,131030.27,140137.63,24,Medium,Low,5,Medium,0,-0.07
199,2024-07-30,2025-02-04,363425.66,340836.87,13,Medium,High,6,Low,0,0.062
200,2023-08-16,2024-03-30,235247.55,299341.35,17,High,High,1,Medium,1,-0.272
201,2025-02-04,2025-11-07,443442.92,545659.59,24,Medium,High,1,Medium,0,-0.231
202,2024-02-25,2025-02-12,281856.22,203356.67,30,Medium,High,15,Medium,0,0.279
203,2025-01-17,2025-09-06,487899.66,509063.87,7,Low,Medium,9,Low,1,-0.043
204,2024-07-05,2025-02-03,320870.93,296354.63,22,High,Low,3,Low,1,0.076
205,2023-11-04,2024-04-04,150732.08,154019.89,12,Medium,Low,4,Low,1,-0.022
206,2023-03-09,2023-12-18,419805.79,405496.15,14,Medium,Medium,1,Low,1,0.034
207,2023-01-23,2023-12-12,205287.18,223910.0,17,Medium,Low,9,High,1,-0.091
208,2024-08-27,2025-07-02,206428.65,213450.74,19,Medium,Medium,15,Low,1,-0.034
209,2024-05-08,2025-04-27,64312.11,66226.8,12,Medium,Low,8,High,0,-0.03
210,2023-09-11,2024-01-16,296921.89,392375.65,8,High,Low,2,High,1,-0.321
211,2023-01-22,2023-09-06,290490.58,351910.66,20,Low,Medium,8,Low,0,-0.211
212,2023-07-19,2024-04-13,210196.17,201624.59,15,Medium,Medium,15,Medium,0,0.041
213,2023-08-07,2024-01-27,452397.77,447371.92,5,High,Medium,7,Low,1,0.011
214,2024-10-02,2025-02-05,107936.78,129346.97,26,Medium,Medium,11,Low,0,-0.198
215,2025-05-31,2026-01-16,198544.78,237873.31,12,High,Low,6,Low,0,-0.198
216,2025-04-12,2025-09-12,194712.24,190670.79,16,High,Low,1,Medium,1,0.021
217,2024-09-05,2025-04-09,91530.76,96400.37,8,Low,High,15,Medium,0,-0.053
218,2023-07-21,2024-07-10,266515.43,391607.43,5,Medium,Medium,7,Medium,1,-0.469
219,2025-06-21,2026-04-05,359503.12,353280.26,18,Medium,Low,10,Medium,1,0.017
220,2024-08-25,2025-02-18,280245.66,415369.16,9,High,High,7,Low,1,-0.482
221,2023-02-12,2023-11-20,120639.96,159333.22,22,Medium,Low,13,Medium,1,-0.321
222,2023-05-19,2023-11-11,219778.68,317598.5,16,High,Low,14,Medium,0,-0.445
223,2024-08-04,2025-01-28,51167.76,49846.9,11,Medium,Low,9,Low,1,0.026
224,2023-07-24,2024-03-08,440735.5,469951.34,17,Low,Medium,1,Low,0,-0.066
225,2025-02-10,2026-01-13,88032.65,88927.7,23,Medium,Medium,2,Medium,1,-0.01
226,2024-07-24,2024-12-28,318775.14,422488.83,5,Medium,Low,11,Low,0,-0.325
227,2024-07-15,2024-09-21,493815.65,487130.99,4,Medium,High,9,Medium,1,0.014
228,2024-02-10,2024-07-17,291465.79,363237.23,29,Low,Low,13,Low,0,-0.246
229,2023-09-13,2024-07-05,465818.79,575593.59,4,Medium,Low,9,Low,1,-0.236
230,2024-12-25,2025-06-23,156252.44,170376.74,5,Medium,Low,13,Low,1,-0.09
231,2024-03-11,2025-02-01,391979.93,532987.64,20,Medium,Low,6,Low,0,-0.36
232,2023-11-18,2024-03-25,289069.59,324201.94,16,High,Low,6,Medium,0,-0.122
233,2023-10-13,2024-07-31,374232.23,474083.8,22,High,Medium,4,Medium,0,-0.267
234,2023-03-20,2023-12-26,78053.61,78136.3,20,Medium,High,4,Medium,0,-0.001
235,2024-09-04,2025-02-24,116482.59,111277.29,12,High,Medium,5,High,1,0.045
236,2023-03-25,2023-08-13,109902.62,136963.84,27,High,Low,3,Medium,1,-0.246
237,2023-11-07,2024-02-04,359224.48,426100.6,4,Low,Low,1,Medium,0,-0.186
238,2022-12-22,2023-01-22,429998.3,493922.51,27,Medium,Low,15,Low,1,-0.149
239,2024-02-21,2025-01-19,387327.3,399436.06,24,Medium,Low,1,Medium,0,-0.031
240,2023-05-26,2024-03-04,63712.47,89824.51,3,Medium,Medium,12,Medium,0,-0.41
241,2024-02-02,2024-07-20,440246.74,385956.76,6,Medium,Low,15,Low,1,0.123
242,2022-12-15,2023-02-19,209366.0,181254.72,16,High,Medium,13,Medium,0,0.134
243,2022-12-14,2023-06-21,228723.72,294695.26,3,Medium,High,7,Low,1,-0.288
244,2025-07-03,2025-08-10,97191.12,123628.98,16,High,Low,1,Medium,0,-0.272
245,2024-11-09,2025-07-29,381832.34,447031.19,18,Medium,High,1,High,0,-0.171
246,2024-08-02,2024-12-08,132027.75,137626.98,24,Medium,Medium,3,High,0,-0.042
247,2023-09-23,2024-03-17,303784.29,364688.31,16,Medium,Medium,10,Medium,0,-0.2
248,2025-02-18,2026-01-17,428319.49,618564.48,22,Medium,Medium,15,Medium,1,-0.444
249,2023-01-14,2023-09-08,90141.95,144507.39,5,Medium,Low,4,Medium,1,-0.603
250,2023-03-25,2023-09-01,290901.0,223620.62,5,High,Low,4,Medium,0,0.231
251,2023-12-13,2024-06-11,154947.39,157460.01,11,Medium,Low,2,Low,1,-0.016
252,2023-05-19,2023-08-10,204317.09,205061.9,8,High,Low,1,Medium,0,-0.004
253,2023-08-18,2024-01-14,263286.47,375263.24,27,High,Medium,3,Medium,1,-0.425
254,2025-04-26,2025-11-02,209796.94,126663.01,15,High,Low,11,High,1,0.396
255,2023-11-09,2024-04-02,341970.28,411310.58,23,Medium,High,4,Medium,0,-0.203
256,2023-10-06,2024-01-18,265811.95,278740.49,4,Medium,Medium,3,Medium,1,-0.049
257,2023-06-30,2023-11-19,312889.77,446688.49,10,High,Low,8,Medium,0,-0.428
258,2023-10-01,2024-02-11,381570.11,534277.44,23,Medium,Low,14,Medium,0,-0.4
259,2023-08-01,2024-05-10,300984.02,353084.76,4,Medium,High,10,Medium,0,-0.173
260,2024-02-06,2024-10-19,313940.95,246147.09,6,High,High,1,Low,1,0.216
261,2025-06-20,2025-11-08,304006.34,299513.77,27,Low,Medium,14,Medium,1,0.015
262,2023-05-03,2023-09-08,220447.68,222017.66,17,Medium,Low,2,High,0,-0.007
263,2025-01-25,2025-07-26,201851.08,168486.92,6,Medium,Low,13,Medium,1,0.165
264,2023-06-30,2024-02-08,454841.33,605355.99,15,Medium,Low,7,Low,1,-0.331
265,2023-04-23,2024-03-27,323399.85,261732.25,30,High,Low,4,Medium,1,0.191
266,2024-06-23,2025-01-01,159958.92,238829.15,14,Medium,Medium,8,High,0,-0.493
267,2023-05-28,2024-01-20,274211.46,409278.3,30,Medium,Medium,11,Low,1,-0.493
268,2023-12-24,2024-07-09,198656.82,203223.53,15,Low,Medium,13,Medium,0,-0.023
269,2025-06-07,2025-12-14,470161.32,548066.62,16,High,High,3,High,0,-0.166
270,2024-04-20,2024-07-26,53390.46,57957.66,22,Medium,Medium,6,Medium,1,-0.086
271,2023-06-18,2024-05-01,151399.76,193846.95,20,Medium,Low,9,High,0,-0.28
272,2023-04-22,2024-02-22,214410.57,290512.48,30,High,Low,1,Medium,1,-0.355
273,2023-01-30,2023-12-29,269514.41,310372.63,8,Medium,High,1,Medium,0,-0.152
274,2023-12-03,2024-05-15,432867.88,516767.78,13,Medium,Low,8,Medium,1,-0.194
275,2024-02-17,2024-09-28,89549.43,87389.42,4,Low,High,3,Low,1,0.024
276,2023-12-19,2024-05-24,412639.2,489944.18,30,Medium,High,5,Low,0,-0.187
277,2023-07-21,2023-09-21,75044.07,84991.34,25,Medium,Low,1,Medium,0,-0.133
278,2023-01-31,2023-08-24,429041.32,393705.95,21,Low,Medium,5,Low,0,0.082
279,2022-12-24,2023-02-13,73235.97,80353.96,21,Low,High,11,Medium,0,-0.097
280,2023-03-26,2023-12-18,58209.12,59569.09,7,High,Medium,6,High,0,-0.023
281,2023-01-15,2023-07-21,363632.66,355669.42,21,Medium,High,8,High,0,0.022
282,2025-06-24,2025-08-30,498764.99,434275.55,4,Medium,High,13,Medium,0,0.129
283,2025-02-14,2025-10-31,453474.62,504490.76,12,Low,Low,14,High,0,-0.113
284,2024-07-26,2024-10-14,309199.29,291854.82,27,Medium,Low,3,Medium,1,0.056
285,2024-02-27,2024-12-16,462828.03,465502.42,4,High,High,3,Medium,0,-0.006
286,2023-01-09,2023-11-17,52385.0,68887.58,13,Medium,Medium,12,Low,1,-0.315
287,2024-12-20,2025-02-14,488780.22,599451.42,20,Medium,Low,11,Medium,0,-0.226
288,2023-10-16,2024-06-27,270836.95,244903.41,26,Low,Low,11,Medium,1,0.096
289,2025-01-22,2025-11-24,375303.24,439246.74,17,Low,Medium,10,Medium,1,-0.17
290,2024-06-23,2025-05-04,419387.66,472463.75,11,Medium,High,9,Medium,1,-0.127
291,2023-12-19,2024-04-23,373305.77,537686.95,25,High,High,4,Low,0,-0.44
292,2025-03-03,2026-01-10,290766.53,400277.64,21,Medium,Medium,15,Medium,1,-0.377
293,2024-03-20,2025-03-01,264478.77,209797.85,11,High,Low,4,High,1,0.207
294,2022-12-02,2023-10-31,427362.15,543701.04,5,High,Low,12,Medium,1,-0.272
295,2025-04-29,2025-10-22,142284.9,192517.09,23,Low,High,7,High,0,-0.353
296,2023-12-25,2024-01-27,485597.33,588481.73,11,High,Low,2,High,1,-0.212
297,2025-06-07,2025-08-10,369928.62,382105.77,30,Medium,Low,8,High,0,-0.033
298,2023-03-06,2023-10-13,139778.12,221223.86,16,Low,Low,6,High,0,-0.583
299,2024-03-08,2024-05-25,381311.23,469120.29,21,Medium,Medium,3,High,0,-0.23
300,2023-05-25,2023-07-10,288428.01,431288.96,9,High,High,9,Medium,0,-0.495
301,2022-12-11,2023-06-30,368253.54,504616.24,18,Low,Low,5,Low,0,-0.37
302,2024-12-04,2025-08-10,395500.78,471763.98,18,High,Low,8,Medium,0,-0.193
303,2024-07-22,2025-01-25,89280.58,87857.43,30,Medium,Medium,7,Medium,1,0.016
304,2023-09-05,2023-11-19,277746.78,304182.45,3,Low,High,14,Low,1,-0.095
305,2023-04-26,2023-05-31,469406.45,495513.67,6,Low,Low,8,Low,0,-0.056
306,2024-05-23,2024-09-28,194288.99,166524.35,6,Medium,Low,7,High,1,0.143
307,2025-06-19,2026-03-08,317247.39,390232.16,9,Medium,Low,3,High,1,-0.23
308,2025-07-19,2025-09-23,216153.72,305526.92,10,High,High,2,High,0,-0.413
309,2025-02-10,2025-12-16,254420.59,264683.74,19,Low,Low,7,Medium,1,-0.04
310,2025-02-17,2026-01-14,296871.4,455024.09,7,Low,Low,3,Low,0,-0.533
311,2022-12-05,2023-07-03,297014.89,234191.32,9,Medium,Medium,3,Low,1,0.212
312,2025-06-19,2025-10-21,140778.71,184542.97,30,High,Medium,2,Low,1,-0.311
313,2023-03-13,2023-07-19,358057.2,513562.89,22,High,Low,4,Low,1,-0.434
314,2024-01-26,2024-08-30,89540.65,94840.91,22,High,High,8,Low,0,-0.059
315,2024-07-25,2024-12-17,112471.15,119533.07,6,Medium,Low,12,High,0,-0.063
316,2024-01-20,2024-08-27,51219.9,67023.96,30,Medium,Medium,1,Medium,0,-0.309
317,2023-08-24,2024-06-01,102513.23,123138.71,8,Low,Low,1,Low,1,-0.201
318,2023-09-10,2024-03-18,262924.79,184183.48,9,Medium,Medium,12,Low,1,0.299
319,2022-11-27,2023-09-08,322745.85,300581.39,20,High,Low,14,Medium,0,0.069
320,2024-02-03,2025-01-20,407430.25,447069.18,7,Medium,High,5,Low,1,-0.097
321,2025-05-02,2025-10-06,98014.66,80966.03,22,Medium,Medium,11,High,1,0.174
322,2024-01-02,2024-02-18,432827.36,435062.97,5,Medium,Medium,5,Medium,1,-0.005
323,2024-11-23,2025-09-29,385688.54,320531.44,9,Medium,Medium,11,Medium,1,0.169
324,2023-08-09,2024-04-17,233833.23,239904.92,29,Low,Medium,12,Low,1,-0.026
325,2023-01-11,2023-04-04,469822.13,485173.78,30,Low,Low,1,Low,1,-0.033
326,2024-11-11,2025-02-06,495918.26,580398.4,24,High,Low,6,Medium,1,-0.17
327,2025-02-21,2026-02-08,142250.81,153865.33,16,High,High,1,Medium,1,-0.082
328,2023-09-16,2024-04-06,220652.86,264906.55,9,Medium,Low,5,Medium,1,-0.201
329,2024-07-30,2025-06-04,466902.24,549407.98,7,High,Medium,9,Low,1,-0.177
330,2024-07-13,2024-12-03,374718.45,489482.72,24,Medium,High,12,Medium,1,-0.306
331,2023-05-14,2024-03-26,71642.59,91326.86,7,High,Low,14,Medium,0,-0.275
332,2022-12-31,2023-06-29,401681.52,503557.9,25,Medium,Medium,5,High,0,-0.254
333,2025-03-16,2025-08-19,422573.4,727237.62,4,High,Low,6,Low,1,-0.721
334,2024-05-30,2024-11-30,387725.87,453437.85,29,Medium,Medium,8,Low,1,-0.169
335,2024-12-22,2025-10-20,409791.71,663335.7,23,Low,Low,11,Medium,1,-0.619
336,2025-05-12,2025-09-22,421309.7,498175.0,24,High,Low,1,Medium,1,-0.182
337,2022-12-31,2023-11-24,133882.24,145052.02,8,High,Medium,14,Medium,0,-0.083
338,2023-12-28,2024-09-28,156061.29,160020.09,17,Medium,High,2,Medium,0,-0.025
339,2023-03-25,2023-10-16,335191.35,469919.9,23,Low,Medium,9,Medium,0,-0.402
340,2024-04-11,2024-06-18,458539.76,654840.94,12,High,Medium,3,High,0,-0.428
341,2024-03-29,2024-10-14,192288.46,234583.61,25,Medium,Low,6,Medium,1,-0.22
342,2024-06-07,2025-03-10,314738.0,417565.85,28,High,Medium,5,High,0,-0.327
343,2024-04-12,2024-06-06,357341.93,301795.24,26,Medium,Low,11,Medium,1,0.155
344,2023-04-25,2024-03-25,253376.87,200229.56,9,Medium,High,2,High,0,0.21
345,2024-12-06,2025-01-17,371202.1,500850.15,7,Medium,High,14,High,1,-0.349
346,2023-11-07,2024-10-17,454850.35,488799.33,3,Low,Medium,15,Low,0,-0.075
347,2025-03-04,2026-02-09,330845.69,413510.96,15,High,High,7,High,0,-0.25
348,2023-05-28,2023-08-01,292901.48,280172.69,23,Low,Low,4,Low,1,0.043
349,2024-04-19,2024-11-07,247435.1,354178.04,28,High,Medium,1,High,0,-0.431
350,2023-09-28,2023-11-16,309868.82,245390.16,20,Low,Low,13,Medium,1,0.208
351,2024-01-31,2025-01-15,209913.1,172733.92,15,Medium,High,4,Low,0,0.177
352,2025-06-27,2026-04-16,226166.95,314114.75,23,Low,Low,6,Medium,1,-0.389
353,2025-04-23,2025-10-11,289335.87,167245.29,23,High,Medium,7,High,1,0.422
354,2024-11-18,2025-05-09,79978.6,94031.94,20,High,High,15,Low,0,-0.176
355,2025-06-14,2025-10-13,153061.43,165082.07,7,Medium,Low,7,Medium,1,-0.079
356,2024-11-07,2025-10-24,294282.19,280394.9,15,Medium,Low,14,Medium,0,0.047
357,2024-11-19,2025-10-02,244187.66,258841.86,6,High,Medium,7,High,1,-0.06
358,2023-07-31,2024-03-31,199767.1,185882.35,19,Medium,Low,3,Medium,0,0.07
359,2024-08-22,2024-11-10,378747.11,533446.82,5,High,Low,6,Low,1,-0.408
360,2023-09-27,2024-03-27,362172.92,529098.21,19,Medium,Low,13,Low,1,-0.461
361,2024-09-05,2025-04-08,125028.84,120384.33,30,Low,Low,8,Medium,1,0.037
362,2024-01-23,2024-04-24,445383.1,514464.24,13,Medium,High,4,Medium,1,-0.155
363,2025-03-12,2025-10-17,272940.63,227901.25,23,High,Medium,13,High,1,0.165
364,2024-03-15,2024-08-16,383657.41,504360.03,22,Medium,Low,8,Low,0,-0.315
365,2023-10-25,2024-04-21,307917.88,403188.24,25,High,Low,2,Medium,0,-0.309
366,2023-12-22,2024-11-29,498961.68,519392.94,23,Low,Low,15,Low,1,-0.041
367,2024-06-13,2024-09-08,388581.4,428751.79,28,High,Low,10,Low,1,-0.103
368,2025-04-20,2026-03-20,368141.21,398051.54,6,Medium,Low,9,Medium,0,-0.081
369,2024-01-21,2024-08-17,400357.37,310800.8,4,Low,Low,9,Medium,0,0.224
370,2024-09-01,2025-03-19,114407.59,161223.28,22,Low,Low,8,Medium,1,-0.409
371,2024-10-29,2025-10-19,142045.07,134461.19,18,Medium,Medium,10,High,1,0.053
372,2023-04-06,2024-01-31,371328.84,352008.65,30,Low,Low,14,Medium,1,0.052
373,2023-12-15,2024-03-07,272291.67,291329.22,20,Low,Medium,13,High,0,-0.07
374,2025-03-03,2025-07-11,389585.88,506114.8,10,Medium,Medium,10,High,0,-0.299
375,2024-02-22,2024-12-11,96312.21,94553.49,5,Medium,Medium,1,Medium,1,0.018
376,2025-04-24,2025-07-15,291416.61,206778.43,11,Medium,Medium,2,High,0,0.29
377,2023-12-07,2024-03-05,220469.7,203405.43,22,Medium,Medium,6,Medium,1,0.077
378,2024-01-02,2024-05-18,255650.1,302901.42,8,Medium,High,10,Low,0,-0.185
379,2022-12-31,2023-02-03,321781.04,494883.17,12,Medium,Medium,5,Medium,0,-0.538
380,2023-11-02,2024-03-13,276029.76,234077.65,23,High,Medium,12,Low,1,0.152
381,2023-12-26,2024-08-07,292937.29,246272.27,12,High,High,14,Medium,0,0.159
382,2024-05-10,2025-02-25,268860.87,214411.41,15,High,Medium,9,Medium,1,0.203
383,2024-07-25,2024-10-09,234029.83,180824.32,19,High,Low,5,Low,0,0.227
384,2023-04-03,2024-03-08,397346.89,532897.13,11,High,Low,2,Low,0,-0.341
385,2022-12-21,2023-11-23,55491.38,77628.99,19,Medium,Low,10,High,0,-0.399
386,2023-11-11,2024-05-02,319299.22,362580.6,26,High,High,4,Medium,0,-0.136
387,2023-04-02,2024-01-25,304478.76,306444.91,11,Low,Medium,9,Low,0,-0.006
388,2023-01-02,2023-06-04,372280.58,542870.25,11,High,High,1,Medium,1,-0.458
389,2024-02-12,2024-06-26,319563.21,362634.46,3,High,Medium,11,Medium,0,-0.135
390,2023-04-20,2023-10-24,422059.47,556226.84,4,Medium,Low,1,Medium,1,-0.318
391,2024-08-02,2025-01-25,481583.66,479999.35,30,Medium,Low,12,High,1,0.003
392,2023-12-20,2024-06-11,204135.92,226355.86,18,High,Medium,7,Medium,0,-0.109
393,2024-12-02,2025-04-30,152307.94,129847.34,3,Low,Medium,11,Low,1,0.147
394,2024-02-10,2025-01-23,240618.59,294962.25,12,Low,High,3,High,0,-0.226
395,2025-03-20,2026-01-18,179568.33,204382.43,20,Medium,Low,10,High,0,-0.138
396,2023-12-25,2024-04-24,326727.62,300944.68,28,Medium,Medium,2,Low,1,0.079
397,2024-03-17,2024-06-12,460333.58,425246.3,30,Low,Medium,9,Low,0,0.076
398,2025-01-11,2025-09-26,112602.29,160254.64,10,Medium,Medium,3,Low,1,-0.423
399,2023-07-13,2023-12-06,95357.57,142496.04,23,Medium,Medium,2,Medium,1,-0.494
400,2022-12-30,2023-12-12,165206.99,174685.4,30,Low,Medium,12,Medium,1,-0.057
401,2023-07-14,2024-05-17,376743.01,419522.45,13,High,Low,8,Medium,1,-0.114
402,2024-05-09,2024-10-12,316833.31,373870.56,25,Medium,Medium,10,High,0,-0.18
403,2022-12-23,2023-05-30,95995.7,108437.35,4,High,Medium,6,Medium,1,-0.13
404,2023-09-09,2023-12-05,463437.74,354594.96,10,Medium,High,6,Low,1,0.235
405,2023-12-06,2024-05-05,405538.09,480795.47,29,Medium,High,10,Low,0,-0.186
406,2025-03-19,2025-04-18,60360.17,41191.12,24,Medium,Low,11,Medium,1,0.318
407,2023-05-04,2024-01-27,343115.24,327147.75,10,High,Low,7,Low,0,0.047
408,2024-08-01,2025-06-16,397061.0,476904.18,19,High,High,7,Medium,0,-0.201
409,2022-12-30,2023-05-04,218495.92,266564.76,17,Medium,Medium,11,High,1,-0.22
410,2023-07-22,2023-12-24,81014.69,75990.6,19,Medium,High,13,Low,0,0.062
411,2022-12-05,2023-05-01,84794.48,85499.34,30,Medium,Low,15,Medium,1,-0.008
412,2025-03-13,2025-05-29,96911.13,95092.37,25,High,Medium,6,Medium,1,0.019
413,2025-04-09,2025-08-05,428197.83,462210.09,26,Low,High,4,Medium,0,-0.079
414,2023-01-25,2023-10-18,459808.79,503325.61,15,High,High,11,Low,0,-0.095
415,2023-08-09,2024-06-05,105264.85,129864.58,21,Low,Low,9,Medium,0,-0.234
416,2024-11-20,2025-06-26,156157.72,155630.0,7,High,Medium,6,Low,0,0.003
417,2023-09-08,2024-04-16,124484.23,146229.04,14,Medium,Medium,4,High,1,-0.175
418,2024-06-27,2024-10-03,133844.4,160801.08,3,High,Low,12,Low,1,-0.201
419,2025-04-26,2026-02-27,426870.86,486486.73,25,Low,Medium,3,Medium,0,-0.14
420,2025-03-30,2025-12-31,199465.89,209055.97,7,Medium,Medium,4,Medium,1,-0.048
421,2024-05-05,2024-08-18,190149.92,216034.85,10,High,High,3,High,0,-0.136
422,2024-05-07,2024-11-06,152328.03,190463.06,15,Medium,Low,15,Low,0,-0.25
423,2024-07-19,2025-01-08,323552.48,410211.79,10,High,Low,2,Low,1,-0.268
424,2023-06-09,2023-10-02,220687.56,322882.36,27,High,Low,14,Low,1,-0.463
425,2023-07-10,2024-02-09,384912.34,347188.91,25,Low,Low,5,Low,1,0.098
426,2023-08-27,2024-07-06,142510.91,144220.83,13,Medium,Low,2,Low,0,-0.012
427,2023-01-22,2023-09-28,404505.45,314424.62,3,Medium,Medium,6,Medium,1,0.223
428,2024-03-21,2024-06-27,321674.69,413738.59,15,Medium,Low,3,Low,0,-0.286
429,2023-11-01,2024-01-16,101420.29,104777.14,21,Medium,High,6,Low,0,-0.033
430,2024-04-26,2024-08-27,236527.06,269933.72,26,High,High,15,High,0,-0.141
431,2024-12-27,2025-09-20,438583.16,429430.94,5,High,Medium,11,Low,1,0.021
432,2025-07-18,2026-03-08,465332.1,481460.14,26,Medium,High,10,Low,0,-0.035
433,2023-06-14,2024-02-16,259565.06,349021.04,19,Low,Medium,9,Low,0,-0.345
434,2023-07-15,2023-09-21,266376.64,329999.82,7,High,Medium,1,High,0,-0.239
435,2025-03-12,2025-07-19,463304.63,499301.35,22,High,Low,6,Low,0,-0.078
436,2023-08-10,2024-06-23,314180.7,393845.23,23,Medium,Low,9,High,1,-0.254
437,2025-03-06,2025-12-14,64781.0,81493.21,10,Low,Medium,11,Medium,0,-0.258
438,2023-01-03,2023-09-11,460737.26,470742.12,28,High,High,4,Low,0,-0.022
439,2025-03-29,2025-05-20,161701.9,130361.5,16,Medium,Low,11,High,1,0.194
440,2025-04-21,2026-01-25,309934.38,285191.6,6,Low,High,12,Low,1,0.08
441,2024-09-10,2024-10-19,124480.99,103555.03,13,High,Medium,2,Low,0,0.168
442,2023-08-22,2024-05-23,65245.62,86965.04,22,High,Low,13,High,0,-0.333
443,2024-03-01,2025-02-18,190162.93,260071.2,17,Medium,High,4,Medium,0,-0.368
444,2024-02-25,2024-07-03,401223.07,568643.33,21,Low,Medium,1,Medium,0,-0.417
445,2022-12-02,2023-10-17,174914.23,121755.85,9,High,Low,3,Low,1,0.304
446,2023-04-03,2023-10-29,149043.75,195885.24,21,Medium,Medium,10,Medium,1,-0.314
447,2023-06-20,2024-02-27,145706.35,224743.05,30,Medium,Low,9,Medium,0,-0.542
448,2023-07-18,2024-04-22,281828.16,372688.86,21,Medium,Medium,10,Low,1,-0.322
449,2023-06-24,2023-12-17,488993.59,327505.45,13,Medium,Low,5,Low,0,0.33
450,2024-09-07,2025-01-10,256545.04,372929.18,28,Medium,Low,15,Low,1,-0.454
451,2023-07-23,2024-05-04,300787.42,333374.07,7,Medium,High,11,Low,0,-0.108
452,2025-03-02,2026-02-19,437284.41,460687.95,7,Medium,Medium,6,High,0,-0.054
453,2023-09-25,2023-10-28,290781.37,346093.53,24,Medium,Low,3,Medium,0,-0.19
454,2023-09-04,2023-10-19,133008.29,118403.8,10,Medium,Low,5,High,0,0.11
455,2024-07-24,2025-05-29,184818.16,203402.82,12,Low,High,11,Low,1,-0.101
456,2023-04-14,2024-01-15,189471.62,269823.86,8,High,Low,8,Medium,0,-0.424
457,2025-05-01,2026-02-12,228793.15,280152.5,17,Low,Low,6,Low,0,-0.224
458,2024-12-18,2025-06-25,242055.01,269087.78,18,Low,Low,4,Low,0,-0.112
459,2024-04-28,2024-10-26,409901.91,458238.21,30,High,Low,2,Low,1,-0.118
460,2024-11-13,2025-06-08,207224.15,178983.89,19,Medium,High,14,Low,0,0.136
461,2023-05-07,2023-11-15,260704.32,278954.26,10,Medium,Medium,9,Medium,1,-0.07
462,2023-12-28,2024-02-28,331239.19,256094.58,10,High,Low,13,High,1,0.227
463,2024-04-20,2024-11-14,219976.68,286956.98,27,Medium,Medium,12,Medium,0,-0.304
464,2024-11-29,2025-04-08,426454.17,282678.51,11,High,Low,1,Low,1,0.337
465,2025-06-11,2026-04-04,314354.12,399537.83,4,High,High,1,Low,0,-0.271
466,2023-12-13,2024-11-29,182320.11,236265.38,17,Low,High,13,Low,1,-0.296
467,2022-12-28,2023-04-01,371326.64,506397.79,20,High,Low,4,Medium,1,-0.364
468,2024-04-14,2024-10-28,287441.48,321179.01,5,Low,High,7,Medium,1,-0.117
469,2024-06-22,2025-06-16,290505.15,372812.72,19,Medium,Medium,1,High,0,-0.283
470,2023-11-24,2024-02-04,266489.58,284624.37,6,Low,Low,9,Low,1,-0.068
471,2023-03-17,2023-05-29,273655.38,236071.71,6,Medium,Low,4,Medium,1,0.137
472,2025-02-13,2025-12-24,394410.33,554598.69,16,High,Low,3,Medium,0,-0.406
473,2023-10-26,2023-12-06,96341.67,104109.0,11,Medium,Medium,1,Medium,0,-0.081
474,2024-06-27,2024-10-29,200463.27,163998.54,11,High,High,10,Medium,0,0.182
475,2023-04-02,2024-02-27,83976.51,84533.87,27,Medium,Medium,4,Medium,0,-0.007
476,2024-04-20,2025-01-27,388960.8,394614.37,28,Low,High,9,Medium,0,-0.015
477,2022-12-10,2023-09-07,172535.83,205721.27,25,High,Medium,13,Low,0,-0.192
478,2024-03-30,2024-06-02,453843.68,712266.59,20,Medium,High,14,Medium,0,-0.569
479,2024-06-13,2025-02-12,286960.31,345639.02,12,Medium,Medium,10,Low,1,-0.204
480,2024-11-05,2025-03-04,410337.4,468346.29,23,Low,Low,6,Medium,0,-0.141
481,2024-12-18,2025-10-07,490519.15,780492.11,6,Medium,Medium,6,Medium,0,-0.591
482,2023-01-23,2023-05-25,427904.99,554470.17,14,High,High,1,Medium,0,-0.296
483,2024-01-24,2024-05-22,440147.19,506543.33,29,Medium,Low,10,High,1,-0.151
484,2023-08-01,2023-12-23,233593.02,234554.87,10,High,High,2,High,0,-0.004
485,2025-03-19,2025-07-31,298275.17,346965.61,4,Medium,Low,11,High,1,-0.163
486,2025-01-30,2025-09-12,164249.85,178493.92,24,Low,Medium,6,Medium,1,-0.087
487,2025-01-16,2025-12-25,138250.89,154604.15,15,Medium,High,2,Medium,0,-0.118
488,2023-04-24,2023-09-14,277478.55,378170.09,23,Low,Low,3,Medium,0,-0.363
489,2023-11-06,2024-02-18,317772.04,315209.39,18,High,Low,4,High,0,0.008
490,2024-02-01,2024-10-04,202672.06,243755.34,30,Medium,Low,11,Medium,1,-0.203
491,2024-02-17,2024-12-19,306249.58,394997.04,4,Low,High,5,High,0,-0.29
492,2024-01-21,2024-10-25,449357.22,434787.93,13,High,Low,15,High,0,0.032
493,2024-09-22,2025-04-03,300524.71,281133.57,12,Low,High,9,Medium,1,0.065
494,2023-04-27,2023-12-04,374365.89,400545.91,17,High,Low,12,Low,1,-0.07
495,2025-04-07,2025-12-19,412391.74,415556.46,19,Medium,High,15,Low,1,-0.008
496,2023-10-22,2024-05-15,494927.95,658485.07,10,Low,High,15,High,0,-0.33
497,2024-02-26,2024-07-03,321438.83,289181.27,20,Medium,Low,4,Low,0,0.1
498,2025-01-19,2025-03-25,413082.57,460047.69,25,High,Medium,13,High,0,-0.114
499,2024-11-16,2025-03-21,483192.19,777557.55,11,Medium,Low,11,Medium,0,-0.609
500,2025-04-30,2025-10-28,474984.38,561721.89,27,Medium,Medium,9,Medium,0,-0.183
